game_const.json;0c7df241e9c3d041c134c8d399ea2ce8
{0}/DontUnloadAssetList.csv;d41d8cd98f00b204e9800998ecf8427e
{0}/OSX;2b51f5f8bdb4c193590f7a6bbdd0b4e6
{0}/btn-assetbundle;7397f5eadbc0e6f0f8890da768900aa5
{0}/config-assetbundle;4e32f87fa98731183b021fab7896213b
{0}/luacode-assetbundle;c9e764e33a1d0bb03e65bce41a76d4ca
{0}/assets/game/art/component/window-assetbundle;45da64c3df237441ab2783a922b7cbdb
{0}/assets/game/art/ui/icon-assetbundle;875711208bae49e46f338749655aa1fb
{0}/modules/modulea-assetbundle;44333d2c82303326da39c1c95e8d2b4a
{0}/modules/moduleb-assetbundle;d0754605c7c60f50727969967fdbdf3b
{0}/LoadAssetList.csv;4417851cc2df18628cb00e1eeaf66edf
{0}/DontUnloadAssetList.csv;d41d8cd98f00b204e9800998ecf8427e
