game_const.json;53b866d681701358e3cefe654d7bb878
{0}/DontUnloadAssetList.csv;d41d8cd98f00b204e9800998ecf8427e
{0}/OSX;93d8341bee4322233453c5e1fc0341ab
{0}/btn-assetbundle;5d9e0790d7c17b5d7d2f28e74a019b9e
{0}/config-assetbundle;4e6e21a08acc4f914135d66e21d7b272
{0}/luacode-assetbundle;213e0d5eac30ed37d4a7d9f06058dde6
{0}/assets/game/art/component/window-assetbundle;778383abc45d09e43290a3101d86c65a
{0}/assets/game/art/ui/icon-assetbundle;78226ddb68dd92883a51977de0a36c60
{0}/modules/modulea-assetbundle;6fc2987080f45a0ce33b1e787ccf96f6
{0}/modules/moduleb-assetbundle;b57af09cf22348ee9e3566a48e3aec6b
{0}/LoadAssetList.csv;4417851cc2df18628cb00e1eeaf66edf
{0}/DontUnloadAssetList.csv;d41d8cd98f00b204e9800998ecf8427e
